Time[s], Channel 0, Channel 1
0.000000000000000, 1, 1
0.328637000000000, 1, 0
2.107238500000000, 1, 1
2.107322000000000, 1, 0
2.107348000000000, 1, 1
2.157574000000000, 1, 0
2.157600000000000, 1, 1
2.157652500000000, 1, 0
2.157678500000000, 1, 1
2.157731500000000, 1, 0
2.157810000000000, 1, 1
2.157842000000000, 1, 0
2.157947000000000, 1, 1
2.158025500000000, 1, 0
2.158078000000000, 1, 1
2.158110000000000, 1, 0
2.158347000000000, 1, 1
2.158378500000000, 1, 0
2.158615500000000, 1, 1
2.160952500000000, 1, 0
2.160978000000000, 1, 1
2.161030500000000, 1, 0
2.161057000000000, 1, 1
2.161109500000000, 1, 0
2.161188500000000, 1, 1
2.161220000000000, 1, 0
2.161404000000000, 1, 1
2.161430500000000, 1, 0
2.161456500000000, 1, 1
2.162642500000000, 1, 0
2.162668500000000, 1, 1
2.162721000000000, 1, 0
2.162747000000000, 1, 1
2.162799500000000, 1, 0
2.162878500000000, 1, 1
2.162910500000000, 1, 0
2.162989000000000, 1, 1
2.163015500000000, 1, 0
2.163094000000000, 1, 1
2.163120500000000, 1, 0
2.163146500000000, 1, 1
2.164333500000000, 1, 0
2.164412000000000, 1, 1
2.164438500000000, 1, 0
2.164570000000000, 1, 1
2.164608000000000, 1, 0
2.164713000000000, 1, 1
2.164739000000000, 1, 0
2.164844500000000, 1, 1
2.164876500000000, 1, 0
2.164955000000000, 1, 1
2.165007500000000, 1, 0
2.165112500000000, 1, 1
2.165144500000000, 1, 0
2.165276000000000, 1, 1
2.165302000000000, 1, 0
2.165381000000000, 1, 1
2.167711500000000, 1, 0
2.167790000000000, 1, 1
2.167816000000000, 1, 0
2.167842500000000, 1, 1
2.167869000000000, 1, 0
2.167947500000000, 1, 1
2.167979500000000, 1, 0
2.168084500000000, 1, 1
2.168137000000000, 1, 0
2.168216000000000, 1, 1
2.168248000000000, 1, 0
2.168326500000000, 1, 1
2.168405000000000, 1, 0
2.168484000000000, 1, 1
2.168516000000000, 1, 0
2.168752500000000, 1, 1
2.171090000000000, 1, 0
2.171115500000000, 1, 1
2.171168000000000, 1, 0
2.171194500000000, 1, 1
2.171247000000000, 1, 0
2.171325500000000, 1, 1
2.171357500000000, 1, 0
2.171383500000000, 1, 1
2.171462000000000, 1, 0
2.171488500000000, 1, 1
2.171541000000000, 1, 0
2.171593500000000, 1, 1
2.172778000000000, 1, 0
2.172804000000000, 1, 1
2.172856500000000, 1, 0
2.172882500000000, 1, 1
2.172909000000000, 1, 0
2.173014500000000, 1, 1
2.173046000000000, 1, 0
2.173151000000000, 1, 1
2.173256000000000, 1, 0
2.173282000000000, 1, 1
2.173314000000000, 1, 0
2.173419000000000, 1, 1
2.173445500000000, 1, 0
2.173471500000000, 1, 1
2.173498000000000, 1, 0
2.173550500000000, 1, 1
3.172893500000000, 1, 0
3.172919500000000, 1, 1
3.172972000000000, 1, 0
3.172998000000000, 1, 1
3.173051000000000, 1, 0
3.173129500000000, 1, 1
3.173161500000000, 1, 0
3.173187500000000, 1, 1
3.173214000000000, 1, 0
3.173319000000000, 1, 1
3.173345500000000, 1, 0
3.173398000000000, 1, 1
3.173430000000000, 1, 0
3.173561000000000, 1, 1
3.173587500000000, 1, 0
3.173666500000000, 1, 1
3.175429500000000, 1, 0
3.175455500000000, 1, 1
3.175508000000000, 1, 0
3.175534500000000, 1, 1
3.175587000000000, 1, 0
3.175665500000000, 1, 1
3.175703500000000, 1, 0
3.175729500000000, 1, 1
3.175756000000000, 1, 0
3.175861000000000, 1, 1
3.175887500000000, 1, 0
3.175940000000000, 1, 1
3.175972000000000, 1, 0
3.176103000000000, 1, 1
3.176155500000000, 1, 0
3.176208500000000, 1, 1
3.177969000000000, 1, 0
3.178047500000000, 1, 1
3.178074000000000, 1, 0
3.178100000000000, 1, 1
3.178126500000000, 1, 0
3.178152500000000, 1, 1
3.178179000000000, 1, 0
3.178205000000000, 1, 1
3.178819000000000, 1, 0
3.178845000000000, 1, 1
3.178949500000000, 1, 0
3.179002000000000, 1, 1
3.179028500000000, 1, 0
3.179054500000000, 1, 1
3.179672500000000, 1, 0
3.179751000000000, 1, 1
3.179777500000000, 1, 0
3.179803500000000, 1, 1
3.179830000000000, 1, 0
3.179856000000000, 1, 1
3.179882500000000, 1, 0
3.179908500000000, 1, 1
3.180520000000000, 1, 0
3.180546000000000, 1, 1
3.180572500000000, 1, 0
3.180704000000000, 1, 1
3.180730500000000, 1, 0
3.180756500000000, 1, 1
3.181378000000000, 1, 0
3.181456500000000, 1, 1
3.181509000000000, 1, 0
3.181561500000000, 1, 1
3.181588000000000, 1, 0
3.181614000000000, 1, 1
3.182228500000000, 1, 0
3.182386000000000, 1, 1
3.182412500000000, 1, 0
3.182465000000000, 1, 1
3.183078500000000, 1, 0
3.183236500000000, 1, 1
3.183262500000000, 1, 0
3.183315000000000, 1, 1
3.183933000000000, 1, 0
3.184011500000000, 1, 1
3.184038000000000, 1, 0
3.184090500000000, 1, 1
3.184116500000000, 1, 0
3.184169000000000, 1, 1
3.184783500000000, 1, 0
3.184941000000000, 1, 1
3.184967500000000, 1, 0
3.185020000000000, 1, 1
3.185635500000000, 1, 0
3.185661000000000, 1, 1
3.185713500000000, 1, 0
3.185766000000000, 1, 1
3.185819000000000, 1, 0
3.185871500000000, 1, 1
3.186493000000000, 1, 0
3.186571500000000, 1, 1
3.186598000000000, 1, 0
3.186624000000000, 1, 1
3.186676500000000, 1, 0
3.186729000000000, 1, 1
3.187346500000000, 1, 0
3.187372500000000, 1, 1
3.187399000000000, 1, 0
3.187425000000000, 1, 1
3.187451500000000, 1, 0
3.187477500000000, 1, 1
3.187530000000000, 1, 0
3.187582500000000, 1, 1
3.188198000000000, 1, 0
3.188250000000000, 1, 1
3.188276500000000, 1, 0
3.188302500000000, 1, 1
3.188329000000000, 1, 0
3.188434500000000, 1, 1
4.640615500000000, 1, 0
4.640641000000000, 1, 1
4.640694000000000, 1, 0
4.640720000000000, 1, 1
4.640772500000000, 1, 0
4.640851500000000, 1, 1
4.640889500000000, 1, 0
4.640915000000000, 1, 1
4.640941499999999, 1, 0
4.641046999999999, 1, 1
4.641073000000000, 1, 0
4.641125499999999, 1, 1
4.641157499999999, 1, 0
4.641289000000000, 1, 1
4.641315000000000, 1, 0
4.641394000000000, 1, 1
4.643154000000000, 1, 0
4.643179500000000, 1, 1
4.643231999999999, 1, 0
4.643258500000000, 1, 1
4.643311000000000, 1, 0
4.643389500000000, 1, 1
4.643421500000000, 1, 0
4.643447500000000, 1, 1
4.643473999999999, 1, 0
4.643579000000000, 1, 1
4.643605500000000, 1, 0
4.643657999999999, 1, 1
4.643689999999999, 1, 0
4.643926500000000, 1, 1
4.645690999999999, 1, 0
4.645796000000000, 1, 1
4.645822000000000, 1, 0
4.645848500000000, 1, 1
4.645874500000000, 1, 0
4.645926999999999, 1, 1
4.646541000000000, 1, 0
4.646619500000000, 1, 1
4.646646000000000, 1, 0
4.646672000000000, 1, 1
4.646698499999999, 1, 0
4.646724499999999, 1, 1
4.646751000000000, 1, 0
4.646777000000000, 1, 1
4.647391000000000, 1, 0
4.647443000000000, 1, 1
4.647469500000000, 1, 0
4.647521999999999, 1, 1
4.647601000000000, 1, 0
4.647627000000000, 1, 1
4.648240500000000, 1, 0
4.648266500000000, 1, 1
4.648293000000000, 1, 0
4.648319000000000, 1, 1
4.648345500000000, 1, 0
4.648397999999999, 1, 1
4.648450500000000, 1, 0
4.648476500000000, 1, 1
4.649094499999999, 1, 0
4.649120000000000, 1, 1
4.649173000000000, 1, 0
4.649225500000000, 1, 1
4.649304000000000, 1, 0
4.649330000000000, 1, 1
4.649945499999999, 1, 0
4.649971499999999, 1, 1
4.650024000000000, 1, 0
4.650103000000000, 1, 1
4.650155499999999, 1, 0
4.650181500000000, 1, 1
4.650803000000000, 1, 0
4.650829000000000, 1, 1
4.650855500000000, 1, 0
4.650907999999999, 1, 1
4.650934500000000, 1, 0
4.650960500000000, 1, 1
4.651013000000000, 1, 0
4.651039000000000, 1, 1
4.651657000000000, 1, 0
4.651682500000000, 1, 1
4.651708999999999, 1, 0
4.651735000000000, 1, 1
4.651761500000000, 1, 0
4.651814000000000, 1, 1
4.651866500000000, 1, 0
4.651892999999999, 1, 1
4.652506499999999, 1, 0
4.652559000000000, 1, 1
4.652637500000000, 1, 0
4.652664000000000, 1, 1
4.652716499999999, 1, 0
4.652742500000000, 1, 1
4.653356500000000, 1, 0
4.653435000000000, 1, 1
4.653461000000000, 1, 0
4.653487500000000, 1, 1
4.653566000000000, 1, 0
4.653592000000000, 1, 1
4.654205999999999, 1, 0
4.654231999999999, 1, 1
4.654337000000000, 1, 0
4.654363000000000, 1, 1
4.654415500000000, 1, 0
4.654441500000000, 1, 1
4.655057000000000, 1, 0
4.655082999999999, 1, 1
4.655135500000000, 1, 0
4.655188000000000, 1, 1
4.655266500000000, 1, 0
4.655292999999999, 1, 1
4.655910500000000, 1, 0
4.656067999999999, 1, 1
4.656094500000000, 1, 0
4.656147000000000, 1, 1
4.656765000000000, 1, 0
4.656790500000000, 1, 1
4.656842999999999, 1, 0
4.656948499999999, 1, 1
4.656974500000000, 1, 0
4.657001000000000, 1, 1
4.657614500000000, 1, 0
4.657640499999999, 1, 1
4.657667000000000, 1, 0
4.657693000000000, 1, 1
4.657719500000000, 1, 0
4.657745500000000, 1, 1
4.657824499999999, 1, 0
4.657850499999999, 1, 1
4.658464500000000, 1, 0
4.658490500000000, 1, 1
4.658517000000000, 1, 0
4.658621999999999, 1, 1
4.658674500000000, 1, 0
4.658701000000000, 1, 1
4.659314500000000, 1, 0
4.659367000000000, 1, 1
4.659393000000000, 1, 0
4.659445499999999, 1, 1
4.659524500000000, 1, 0
4.659550500000000, 1, 1
4.660165999999999, 1, 0
4.660191999999999, 1, 1
4.660218000000000, 1, 0
4.660244500000000, 1, 1
4.660271000000000, 1, 0
4.660323500000000, 1, 1
4.660375999999999, 1, 0
4.660401999999999, 1, 1
4.661023500000000, 1, 0
4.661075500000000, 1, 1
4.661154499999999, 1, 0
4.661180500000000, 1, 1
4.661233000000000, 1, 0
4.661259500000000, 1, 1
4.661877000000000, 1, 0
4.661955499999999, 1, 1
4.661982000000000, 1, 0
4.662008000000000, 1, 1
4.662087000000000, 1, 0
4.662113000000000, 1, 1
4.662726999999999, 1, 0
4.662752500000000, 1, 1
4.662779000000000, 1, 0
4.662884000000000, 1, 1
4.662936500000000, 1, 0
4.662963000000000, 1, 1
4.663577000000000, 1, 0
4.663734499999999, 1, 1
4.663761000000000, 1, 0
4.663813500000000, 1, 1
4.664431000000000, 1, 0
4.664457000000000, 1, 1
4.664483500000000, 1, 0
4.664536000000000, 1, 1
4.664641000000000, 1, 0
4.664667000000000, 1, 1
4.665282500000000, 1, 0
4.665439999999999, 1, 1
4.665466500000000, 1, 0
4.665519000000000, 1, 1
4.666141000000000, 1, 0
4.666166500000000, 1, 1
4.666219500000000, 1, 0
4.666324500000000, 1, 1
4.666351000000000, 1, 0
4.666377000000000, 1, 1
4.666990999999999, 1, 0
4.667016500000000, 1, 1
4.667043000000000, 1, 0
4.667095499999999, 1, 1
4.667122000000000, 1, 0
4.667148000000000, 1, 1
4.667200500000000, 1, 0
4.667227000000000, 1, 1
4.667845000000000, 1, 0
4.667897000000000, 1, 1
4.667975500000000, 1, 0
4.668002000000000, 1, 1
4.668054500000000, 1, 0
4.668080499999999, 1, 1
4.668694500000000, 1, 0
4.668720000000000, 1, 1
4.668773000000000, 1, 0
4.668851500000000, 1, 1
4.668903999999999, 1, 0
4.668930500000000, 1, 1
4.669548000000000, 1, 0
4.669574000000000, 1, 1
4.669678500000000, 1, 0
4.669705000000000, 1, 1
4.669757500000000, 1, 0
4.669783499999999, 1, 1
4.670399000000000, 1, 0
4.670556500000000, 1, 1
4.670583000000000, 1, 0
4.670635499999999, 1, 1
4.671257000000000, 1, 0
4.671388500000000, 1, 1
4.671415000000000, 1, 0
4.671441000000000, 1, 1
4.671467499999999, 1, 0
4.671493500000000, 1, 1
4.672107500000000, 1, 0
4.672133000000000, 1, 1
4.672159499999999, 1, 0
4.672185499999999, 1, 1
4.672212000000000, 1, 0
4.672264500000000, 1, 1
4.672317000000000, 1, 0
4.672343500000000, 1, 1
4.672961500000000, 1, 0
4.672987000000000, 1, 1
4.673039500000000, 1, 0
4.673092000000000, 1, 1
4.673171000000000, 1, 0
4.673197000000000, 1, 1
5.405893000000000, 1, 0
5.405919000000000, 1, 1
5.406023500000000, 1, 0
5.406050000000000, 1, 1
5.406102499999999, 1, 0
5.406128499999999, 1, 1
5.406742500000000, 1, 0
5.406768000000000, 1, 1
5.406821000000000, 1, 0
5.406873500000000, 1, 1
5.406952000000000, 1, 0
5.406978000000000, 1, 1
5.407592500000000, 1, 0
5.407750000000000, 1, 1
5.407776500000000, 1, 0
5.407829000000000, 1, 1
5.408442500000000, 1, 0
5.408574000000000, 1, 1
5.408626500000000, 1, 0
5.408678999999999, 1, 1
5.409294500000000, 1, 0
5.409425499999999, 1, 1
5.409478500000000, 1, 0
5.409530999999999, 1, 1
5.410152500000000, 1, 0
5.410178000000000, 1, 1
5.410283000000000, 1, 0
5.410309000000000, 1, 1
5.410335500000000, 1, 0
5.410388000000000, 1, 1
5.411009500000000, 1, 0
5.411035500000000, 1, 1
5.411061999999999, 1, 0
5.411140500000000, 1, 1
5.411193500000000, 1, 0
5.411245999999999, 1, 1
5.411860000000000, 1, 0
5.411991000000000, 1, 1
5.412043499999999, 1, 0
5.412096500000000, 1, 1
5.412710000000000, 1, 0
5.412841500000000, 1, 1
5.412894000000000, 1, 0
5.412946499999999, 1, 1
5.413559999999999, 1, 0
5.413717999999999, 1, 1
5.413743999999999, 1, 0
5.413796500000000, 1, 1
5.414412000000000, 1, 0
5.414438000000000, 1, 1
5.414464499999999, 1, 0
5.414490499999999, 1, 1
5.414543000000000, 1, 0
5.414595500000000, 1, 1
5.414622000000000, 1, 0
5.414648000000000, 1, 1
5.415266000000000, 1, 0
5.415318000000000, 1, 1
5.415397000000000, 1, 0
5.415423000000000, 1, 1
5.415449499999999, 1, 0
5.415502000000000, 1, 1
5.416123499999999, 1, 0
5.416175500000000, 1, 1
5.416254500000000, 1, 0
5.416307000000000, 1, 1
5.416333000000000, 1, 0
5.416359500000000, 1, 1
5.416973000000000, 1, 0
5.417025499999999, 1, 1
5.417104000000000, 1, 0
5.417129999999999, 1, 1
5.417156500000000, 1, 0
5.417209000000000, 1, 1
5.417827000000000, 1, 0
5.417852500000000, 1, 1
5.417879000000000, 1, 0
5.417931500000000, 1, 1
5.417958000000000, 1, 0
5.417984000000000, 1, 1
5.418010499999999, 1, 0
5.418063000000000, 1, 1
5.418678500000000, 1, 0
5.418730500000000, 1, 1
5.418756999999999, 1, 0
5.418782999999999, 1, 1
5.418809500000000, 1, 0
5.418914500000000, 1, 1
6.151610000000000, 1, 0
6.151741500000000, 1, 1
6.151768000000000, 1, 0
6.151794000000000, 1, 1
6.151820499999999, 1, 0
6.151846500000000, 1, 1
6.152464500000000, 1, 0
6.152516500000000, 1, 1
6.152543000000000, 1, 0
6.152595499999999, 1, 1
6.152674500000000, 1, 0
6.152700500000000, 1, 1
6.153314500000000, 1, 0
6.153340000000000, 1, 1
6.153366500000000, 1, 0
6.153392500000000, 1, 1
6.153419000000000, 1, 0
6.153471499999999, 1, 1
6.153524000000000, 1, 0
6.153550000000000, 1, 1
6.154165500000000, 1, 0
6.154191500000000, 1, 1
6.154243999999999, 1, 0
6.154323000000000, 1, 1
6.154375500000000, 1, 0
6.154401500000000, 1, 1
6.155019500000000, 1, 0
6.155044999999999, 1, 1
6.155071500000000, 1, 0
6.155124000000000, 1, 1
6.155150500000000, 1, 0
6.155176500000000, 1, 1
6.155228999999999, 1, 0
6.155255500000000, 1, 1
6.155869000000000, 1, 0
6.155895000000000, 1, 1
6.156000000000000, 1, 0
6.156026000000000, 1, 1
6.156078500000000, 1, 0
6.156104500000000, 1, 1
6.156718499999999, 1, 0
6.156876000000000, 1, 1
6.156902499999999, 1, 0
6.156955000000000, 1, 1
6.157572999999999, 1, 0
6.157598999999999, 1, 1
6.157625500000000, 1, 0
6.157651500000000, 1, 1
6.157678000000000, 1, 0
6.157704000000000, 1, 1
6.157730500000000, 1, 0
6.157756500000000, 1, 1
6.157782999999999, 1, 0
6.157808999999999, 1, 1
6.158423000000000, 1, 0
6.158475500000000, 1, 1
6.158554000000000, 1, 0
6.158580000000000, 1, 1
6.158606499999999, 1, 0
6.158659000000000, 1, 1
6.159274500000000, 1, 0
6.159432000000000, 1, 1
6.159458500000000, 1, 0
6.159510999999999, 1, 1
6.160132500000000, 1, 0
6.160290499999999, 1, 1
6.160316500000000, 1, 0
6.160368999999999, 1, 1
6.160983000000000, 1, 0
6.161061500000000, 1, 1
6.161087999999999, 1, 0
6.161140500000000, 1, 1
6.161167000000000, 1, 0
6.161219500000000, 1, 1
6.161833000000000, 1, 0
6.161859000000000, 1, 1
6.161885499999999, 1, 0
6.161938000000000, 1, 1
6.162016500000000, 1, 0
6.162069000000000, 1, 1
6.162682999999999, 1, 0
6.162735000000000, 1, 1
6.162814000000000, 1, 0
6.162840000000000, 1, 1
6.162866500000000, 1, 0
6.162919000000000, 1, 1
6.163536499999999, 1, 0
6.163562499999999, 1, 1
6.163589000000000, 1, 0
6.163615000000000, 1, 1
6.163641500000000, 1, 0
6.163667500000000, 1, 1
6.163720000000000, 1, 0
6.163772499999999, 1, 1
6.164388000000000, 1, 0
6.164519500000000, 1, 1
6.164572000000000, 1, 0
6.164624500000000, 1, 1
6.165247500000000, 1, 0
6.165299500000000, 1, 1
6.165325999999999, 1, 0
6.165351999999999, 1, 1
6.165378500000000, 1, 0
6.165483999999999, 1, 1
6.898179499999999, 1, 0
6.898311000000000, 1, 1
6.898363499999999, 1, 0
6.898416000000000, 1, 1
6.899037499999999, 1, 0
6.899115999999999, 1, 1
6.899142500000000, 1, 0
6.899168500000000, 1, 1
6.899221000000000, 1, 0
6.899273500000000, 1, 1
6.899895000000000, 1, 0
6.899921000000000, 1, 1
6.900026000000000, 1, 0
6.900052000000000, 1, 1
6.900078499999999, 1, 0
6.900131000000000, 1, 1
6.900745000000000, 1, 0
6.900875999999999, 1, 1
6.900928500000000, 1, 0
6.900981000000000, 1, 1
6.901599000000000, 1, 0
6.901624500000000, 1, 1
6.901650999999999, 1, 0
6.901703500000000, 1, 1
6.901782000000000, 1, 0
6.901834999999999, 1, 1
6.902449000000000, 1, 0
6.902474499999999, 1, 1
6.902579500000000, 1, 0
6.902606000000000, 1, 1
6.902632000000000, 1, 0
6.902684499999999, 1, 1
6.903300000000000, 1, 0
6.903352500000000, 1, 1
6.903378500000000, 1, 0
6.903430999999999, 1, 1
6.903484000000000, 1, 0
6.903536500000000, 1, 1
6.904158000000000, 1, 0
6.904183499999999, 1, 1
6.904236000000000, 1, 0
6.904288999999999, 1, 1
6.904341500000000, 1, 0
6.904394000000000, 1, 1
6.905015499999999, 1, 0
6.905173000000000, 1, 1
6.905199499999999, 1, 0
6.905252000000000, 1, 1
6.905865500000000, 1, 0
6.906023500000000, 1, 1
6.906049500000000, 1, 0
6.906102000000000, 1, 1
6.906716500000000, 1, 0
6.906741999999999, 1, 1
6.906768500000000, 1, 0
6.906794499999999, 1, 1
6.906821000000000, 1, 0
6.906847000000000, 1, 1
6.906899999999999, 1, 0
6.906952500000000, 1, 1
6.907566000000000, 1, 0
6.907618500000000, 1, 1
6.907644500000000, 1, 0
6.907671000000000, 1, 1
6.907749500000000, 1, 0
6.907801999999999, 1, 1
6.908417500000000, 1, 0
6.908549000000000, 1, 1
6.908601500000000, 1, 0
6.908653999999999, 1, 1
6.909275500000000, 1, 0
6.909406499999999, 1, 1
6.909459500000000, 1, 0
6.909511999999999, 1, 1
6.910133500000000, 1, 0
6.910185500000000, 1, 1
6.910212000000000, 1, 0
6.910238000000000, 1, 1
6.910317000000000, 1, 0
6.910369500000000, 1, 1
6.910983000000000, 1, 0
6.911061500000000, 1, 1
6.911087999999999, 1, 0
6.911114000000000, 1, 1
6.911166499999999, 1, 0
6.911219000000000, 1, 1
6.911833000000000, 1, 0
6.911859000000000, 1, 1
6.911885499999999, 1, 0
6.911911500000000, 1, 1
6.911937999999999, 1, 0
6.911963999999999, 1, 1
6.912016500000000, 1, 0
6.912069000000000, 1, 1
6.912680500000000, 1, 0
6.912732500000000, 1, 1
6.912758999999999, 1, 0
6.912785000000000, 1, 1
6.912811500000000, 1, 0
6.912916999999999, 1, 1
7.645613000000000, 1, 0
7.645639000000000, 1, 1
7.645665500000000, 1, 0
7.645691500000000, 1, 1
7.645718000000000, 1, 0
7.645744000000000, 1, 1
7.645770499999999, 1, 0
7.645796499999999, 1, 1
7.645823000000000, 1, 0
7.645848999999999, 1, 1
7.646463000000000, 1, 0
7.646515000000000, 1, 1
7.646593999999999, 1, 0
7.646620000000000, 1, 1
7.646672499999999, 1, 0
7.646698499999999, 1, 1
7.647316500000000, 1, 0
7.647342000000000, 1, 1
7.647368500000000, 1, 0
7.647421000000000, 1, 1
7.647447499999999, 1, 0
7.647473499999999, 1, 1
7.647526000000000, 1, 0
7.647552500000000, 1, 1
7.648168000000000, 1, 0
7.648246500000000, 1, 1
7.648272500000000, 1, 0
7.648299000000000, 1, 1
7.648377500000000, 1, 0
7.648403500000000, 1, 1
7.649025500000000, 1, 0
7.649183000000000, 1, 1
7.649209500000000, 1, 0
7.649261999999999, 1, 1
7.649883500000000, 1, 0
7.650014499999999, 1, 1
7.650067000000000, 1, 0
7.650119500000000, 1, 1
7.650734000000000, 1, 0
7.650865000000000, 1, 1
7.650917499999999, 1, 0
7.650970000000000, 1, 1
7.651584000000000, 1, 0
7.651636000000000, 1, 1
7.651662500000000, 1, 0
7.651714999999999, 1, 1
7.651767500000000, 1, 0
7.651820000000000, 1, 1
7.652435499999999, 1, 0
7.652487499999999, 1, 1
7.652514000000000, 1, 0
7.652539999999999, 1, 1
7.652566500000000, 1, 0
7.652672000000000, 1, 1
8.385371500000000, 1, 0
8.385423500000000, 1, 1
8.385475999999999, 1, 0
8.385555000000000, 1, 1
8.385581499999999, 1, 0
8.385607499999999, 1, 1
8.386221500000000, 1, 0
8.386247500000000, 1, 1
8.386352000000000, 1, 0
8.386404499999999, 1, 1
8.386431000000000, 1, 0
8.386457000000000, 1, 1
8.387070999999999, 1, 0
8.387149500000000, 1, 1
8.387202000000000, 1, 0
8.387254499999999, 1, 1
8.387281000000000, 1, 0
8.387307000000000, 1, 1
8.387919000000000, 1, 0
8.387944500000000, 1, 1
8.387971000000000, 1, 0
8.388023499999999, 1, 1
8.388050000000000, 1, 0
8.388102500000000, 1, 1
8.388128999999999, 1, 0
8.388154999999999, 1, 1
8.388776499999999, 1, 0
8.388802499999999, 1, 1
8.388907000000000, 1, 0
8.388959500000000, 1, 1
8.388985999999999, 1, 0
8.389012500000000, 1, 1
8.389626000000000, 1, 0
8.389783500000000, 1, 1
8.389809999999999, 1, 0
8.389862500000000, 1, 1
8.390480499999999, 1, 0
8.390637999999999, 1, 1
8.390664500000000, 1, 0
8.390717000000000, 1, 1
8.391330500000000, 1, 0
8.391487999999999, 1, 1
8.391514500000000, 1, 0
8.391567000000000, 1, 1
8.392180999999999, 1, 0
8.392338499999999, 1, 1
8.392365000000000, 1, 0
8.392417499999999, 1, 1
8.393032999999999, 1, 0
8.393190499999999, 1, 1
8.393217000000000, 1, 0
8.393269499999999, 1, 1
8.393891000000000, 1, 0
8.393917000000000, 1, 1
8.393943000000000, 1, 0
8.394022000000000, 1, 1
8.394074500000000, 1, 0
8.394126999999999, 1, 1
8.394742500000000, 1, 0
8.394795000000000, 1, 1
8.394821000000000, 1, 0
8.394847499999999, 1, 1
8.394873499999999, 1, 0
8.394978999999999, 1, 1
9.127678500000000, 1, 0
9.127704500000000, 1, 1
9.127756999999999, 1, 0
9.127782999999999, 1, 1
9.127835500000000, 1, 0
9.127914499999999, 1, 1
9.127952499999999, 1, 0
9.127977999999999, 1, 1
9.128004499999999, 1, 0
9.128110000000000, 1, 1
9.128136000000000, 1, 0
9.128188500000000, 1, 1
9.128220499999999, 1, 0
9.128352000000000, 1, 1
9.128378500000000, 1, 0
9.128456999999999, 1, 1
9.130216500000000, 1, 0
9.130241999999999, 1, 1
9.130295000000000, 1, 0
9.130321000000000, 1, 1
9.130373499999999, 1, 0
9.130452499999999, 1, 1
9.130484500000000, 1, 0
9.130509999999999, 1, 1
9.130536500000000, 1, 0
9.130641499999999, 1, 1
9.130668000000000, 1, 0
9.130720499999999, 1, 1
9.130752500000000, 1, 0
9.130884000000000, 1, 1
9.130936499999999, 1, 0
9.130989000000000, 1, 1
9.132752999999999, 1, 0
9.132831500000000, 1, 1
9.132883999999999, 1, 0
9.132937000000000, 1, 1
9.132963000000000, 1, 0
9.132989499999999, 1, 1
9.133611000000000, 1, 0
9.133636500000000, 1, 1
9.133663000000000, 1, 0
9.133715499999999, 1, 1
9.133742000000000, 1, 0
9.133794499999999, 1, 1
9.133820999999999, 1, 0
9.133846999999999, 1, 1
9.134461000000000, 1, 0
9.134539499999999, 1, 1
9.134565499999999, 1, 0
9.134592000000000, 1, 1
9.134618000000000, 1, 0
9.134644500000000, 1, 1
9.134670999999999, 1, 0
9.134696999999999, 1, 1
9.135311000000000, 1, 0
9.135363000000000, 1, 1
9.135389499999999, 1, 0
9.135441999999999, 1, 1
9.135467999999999, 1, 0
9.135494500000000, 1, 1
9.135520500000000, 1, 0
9.135546999999999, 1, 1
9.136160499999999, 1, 0
9.136186499999999, 1, 1
9.136291500000000, 1, 0
9.136343999999999, 1, 1
9.136370500000000, 1, 0
9.136396500000000, 1, 1
9.137012000000000, 1, 0
9.137038000000000, 1, 1
9.137090499999999, 1, 0
9.137143000000000, 1, 1
9.137169000000000, 1, 0
9.137195499999999, 1, 1
9.137222000000000, 1, 0
9.137248000000000, 1, 1
9.137869499999999, 1, 0
9.138026999999999, 1, 1
9.138053500000000, 1, 0
9.138105999999999, 1, 1
9.138727500000000, 1, 0
9.138885000000000, 1, 1
9.138911499999999, 1, 0
9.138964000000000, 1, 1
9.139578000000000, 1, 0
9.139735500000000, 1, 1
9.139761999999999, 1, 0
9.139814500000000, 1, 1
9.140428000000000, 1, 0
9.140585999999999, 1, 1
9.140611999999999, 1, 0
9.140664500000000, 1, 1
9.141278999999999, 1, 0
9.141304500000000, 1, 1
9.141356999999999, 1, 0
9.141409999999999, 1, 1
9.141462499999999, 1, 0
9.141515000000000, 1, 1
9.142126500000000, 1, 0
9.142178500000000, 1, 1
9.142230999999999, 1, 0
9.142257499999999, 1, 1
9.142310000000000, 1, 0
9.142362499999999, 1, 1
9.142984499999999, 1, 0
9.143036499999999, 1, 1
9.143115000000000, 1, 0
9.143141499999999, 1, 1
9.143167499999999, 1, 0
9.143219999999999, 1, 1
9.143841999999999, 1, 0
9.143867499999999, 1, 1
9.143920000000000, 1, 0
9.143972500000000, 1, 1
9.144024999999999, 1, 0
9.144077500000000, 1, 1
9.144693499999999, 1, 0
9.144745499999999, 1, 1
9.144772000000000, 1, 0
9.144798000000000, 1, 1
9.144824500000000, 1, 0
9.144929500000000, 1, 1
10.597111499999999, 1, 0
10.597137499999999, 1, 1
10.597189999999999, 1, 0
10.597216000000000, 1, 1
10.597268500000000, 1, 0
10.597347500000000, 1, 1
10.597385500000000, 1, 0
10.597410999999999, 1, 1
10.597437500000000, 1, 0
10.597543000000000, 1, 1
10.597569000000000, 1, 0
10.597621499999999, 1, 1
10.597653500000000, 1, 0
10.597785000000000, 1, 1
10.597811499999999, 1, 0
10.597890000000000, 1, 1
10.599646000000000, 1, 0
10.599672000000000, 1, 1
10.599724499999999, 1, 0
10.599750499999999, 1, 1
10.599803000000000, 1, 0
10.599881999999999, 1, 1
10.599914000000000, 1, 0
10.599939500000000, 1, 1
10.599966000000000, 1, 0
10.600071500000000, 1, 1
10.600097500000000, 1, 0
10.600149999999999, 1, 1
10.600182000000000, 1, 0
10.600418999999999, 1, 1
10.602183000000000, 1, 0
10.602209000000000, 1, 1
10.602287499999999, 1, 0
10.602366499999999, 1, 1
10.602392999999999, 1, 0
10.602418999999999, 1, 1
10.603040499999999, 1, 0
10.603092999999999, 1, 1
10.603119000000000, 1, 0
10.603171500000000, 1, 1
10.603250500000000, 1, 0
10.603276500000000, 1, 1
10.603890500000000, 1, 0
10.603916499999999, 1, 1
10.603942999999999, 1, 0
10.604047999999999, 1, 1
10.604100499999999, 1, 0
10.604127000000000, 1, 1
10.604744499999999, 1, 0
10.604770499999999, 1, 1
10.604823000000000, 1, 0
10.604901999999999, 1, 1
10.604954500000000, 1, 0
10.604980500000000, 1, 1
10.605594499999999, 1, 0
10.605620000000000, 1, 1
10.605646499999999, 1, 0
10.605699000000000, 1, 1
10.605725500000000, 1, 0
10.605751500000000, 1, 1
10.605803999999999, 1, 0
10.605829999999999, 1, 1
10.606445500000000, 1, 0
10.606471500000000, 1, 1
10.606498000000000, 1, 0
10.606603000000000, 1, 1
10.606655499999999, 1, 0
10.606681999999999, 1, 1
10.607303499999999, 1, 0
10.607329499999999, 1, 1
10.607381999999999, 1, 0
10.607434500000000, 1, 1
10.607512999999999, 1, 0
10.607538999999999, 1, 1
10.608160999999999, 1, 0
10.608318499999999, 1, 1
10.608345000000000, 1, 0
10.608397499999999, 1, 1
10.609010999999999, 1, 0
10.609142499999999, 1, 1
10.609221000000000, 1, 0
10.609247000000000, 1, 1
10.609864999999999, 1, 0
10.609890999999999, 1, 1
10.609995500000000, 1, 0
10.610021999999999, 1, 1
10.610074500000000, 1, 0
10.610100500000000, 1, 1
10.610714500000000, 1, 0
10.610766499999999, 1, 1
10.610792999999999, 1, 0
10.610845500000000, 1, 1
10.610923999999999, 1, 0
10.610950500000000, 1, 1
10.611566000000000, 1, 0
10.611723500000000, 1, 1
10.611749999999999, 1, 0
10.611802500000000, 1, 1
10.612423999999999, 1, 0
10.612449500000000, 1, 1
10.612501999999999, 1, 0
10.612554500000000, 1, 1
10.612633499999999, 1, 0
10.612659499999999, 1, 1
10.613280999999999, 1, 0
10.613306999999999, 1, 1
10.613333500000000, 1, 0
10.613359500000000, 1, 1
10.613386000000000, 1, 0
10.613412000000000, 1, 1
10.613491000000000, 1, 0
10.613517000000000, 1, 1
10.614130999999999, 1, 0
10.614288499999999, 1, 1
10.614315000000000, 1, 0
10.614367500000000, 1, 1
10.614985500000000, 1, 0
10.615116499999999, 1, 1
10.615195000000000, 1, 0
10.615221499999999, 1, 1
10.615834999999999, 1, 0
10.615887499999999, 1, 1
10.615914000000000, 1, 0
10.615966499999999, 1, 1
10.616045000000000, 1, 0
10.616071000000000, 1, 1
10.616686500000000, 1, 0
10.616712500000000, 1, 1
10.616738999999999, 1, 0
10.616764999999999, 1, 1
10.616791500000000, 1, 0
10.616844000000000, 1, 1
10.616896499999999, 1, 0
10.616922499999999, 1, 1
10.617543999999999, 1, 0
10.617596499999999, 1, 1
10.617649000000000, 1, 0
10.617701499999999, 1, 1
10.617754000000000, 1, 0
10.617780000000000, 1, 1
10.618401499999999, 1, 0
10.618427499999999, 1, 1
10.618454000000000, 1, 0
10.618480000000000, 1, 1
10.618506499999999, 1, 0
10.618558999999999, 1, 1
10.618611500000000, 1, 0
10.618637500000000, 1, 1
10.619251499999999, 1, 0
10.619303499999999, 1, 1
10.619330000000000, 1, 0
10.619382500000000, 1, 1
10.619460999999999, 1, 0
10.619487500000000, 1, 1
10.620101000000000, 1, 0
10.620127000000000, 1, 1
10.620153499999999, 1, 0
10.620179499999999, 1, 1
10.620206000000000, 1, 0
10.620258500000000, 1, 1
10.620310999999999, 1, 0
10.620336999999999, 1, 1
10.620951000000000, 1, 0
10.621003000000000, 1, 1
10.621081999999999, 1, 0
10.621108000000000, 1, 1
10.621160500000000, 1, 0
10.621186999999999, 1, 1
10.621802499999999, 1, 0
10.621827999999999, 1, 1
10.621880500000000, 1, 0
10.621959499999999, 1, 1
10.622012000000000, 1, 0
10.622038000000000, 1, 1
10.622660000000000, 1, 0
10.622685499999999, 1, 1
10.622712000000000, 1, 0
10.622764499999999, 1, 1
10.622790999999999, 1, 0
10.622817000000000, 1, 1
10.622869500000000, 1, 0
10.622895500000000, 1, 1
10.623517500000000, 1, 0
10.623543000000000, 1, 1
10.623569500000000, 1, 0
10.623674500000000, 1, 1
10.623727499999999, 1, 0
10.623753499999999, 1, 1
10.624369000000000, 1, 0
10.624421000000000, 1, 1
10.624447499999999, 1, 0
10.624473499999999, 1, 1
10.624499999999999, 1, 0
10.624604999999999, 1, 1
11.357302499999999, 1, 0
11.357328499999999, 1, 1
11.357381000000000, 1, 0
11.357407000000000, 1, 1
11.357459499999999, 1, 0
11.357538499999999, 1, 1
11.357570500000000, 1, 0
11.357649000000000, 1, 1
11.357675499999999, 1, 0
11.357728000000000, 1, 1
11.357780499999999, 1, 0
11.357806499999999, 1, 1
11.357844499999999, 1, 0
11.357896999999999, 1, 1
11.357923000000000, 1, 0
11.357949500000000, 1, 1
11.357975500000000, 1, 0
11.358081000000000, 1, 1
